Dataset,Mean WER,Mean DNSMOS,Mean MCD,Mean PESQ,Mean STOI
Custom Texts,0.24568672068672068,3.741049281828978,,,
Jenny Texts,0.1458169246790349,3.7690346009348508,82.36281284181163,1.4224052357673644,0.19399530640001572
Librispeech Texts,0.19100630877176847,3.7652378233169754,141.61212563318645,1.0486559128761292,0.15624614223261715
